id_departamento,id_municipio,nombre,poblacion
5,5001,Medellín,2427129
5,5002,Abejorral,20367
5,5004,Abriaquí,2695
5,5021,Alejandría,4657
5,5030,Amagá,30227
5,5031,Amalfi,25962
5,5034,Andes,43269
5,5036,Angelópolis,5756
5,5038,Angostura,11437
5,5040,Anorí,18321
5,5042,Santafé de Antioquia,26164
5,5044,Anzá,7010
5,5045,Apartadó,121003
5,5051,Arboletes,29295
5,5055,Argelia,7689
5,5059,Armenia,5139
5,5079,Barbosa,51969
5,5086,Belmira,6000
5,5088,Bello,522264
5,5091,Betania,10323
5,5093,Betulia,15607
5,5101,Ciudad Bolívar,26118
5,5107,Briceño,8039
5,5113,Buriticá,9354
5,5120,Cáceres,28996
5,5125,Caicedo,8297
5,5129,Caldas,79638
5,5134,Campamento,9203
5,5138,Cañasgordas,15523
5,5142,Caracolí,4582
5,5145,Caramanta,4743
5,5147,Carepa,47932
5,5148,El Carmen de Viboral,59416
5,5150,Carolina,3954
5,5154,Caucasia,90213
5,5172,Chigorodó,57375
5,5190,Cisneros,9775
5,5197,Cocorná,15444
5,5206,Concepción,4797
5,5209,Concordia,21377
5,5212,Copacabana,77884
5,5234,Dabeiba,23044
5,5237,Don Matías,18902
5,5240,Ebéjico,12158
5,5250,El Bagre,51862
5,5264,Entrerrios,11159
5,5266,Envigado,228848
5,5282,Fredonia,24408
5,5284,Frontino,20739
5,5306,Giraldo,5544
5,5308,Girardota,51662
5,5310,Gómez Plata,9753
5,5313,Granada,10117
5,5315,Guadalupe,6560
5,5318,Guarne,55121
5,5321,Guatapé,8363
5,5347,Heliconia,5451
5,5353,Hispania,5469
5,5360,Itagüí,276744
5,5361,Ituango,27074
5,5364,Jardín,14518
5,5368,Jericó,13640
5,5376,La Ceja,64889
5,5380,La Estrella,71545
5,5390,La Pintada,8114
5,5400,La Unión,21475
5,5411,Liborina,10028
5,5425,Maceo,8221
5,5440,Marinilla,64645
5,5467,Montebello,6680
5,5475,Murindó,4911
5,5480,Mutatá,13991
5,5483,Nariño,10153
5,5490,Necoclí,42281
5,5495,Nechí,25790
5,5501,Olaya,3127
5,5541,Peñol,21049
5,5543,Peque,8097
5,5576,Pueblorrico,8664
5,5579,Puerto Berrío,39314
5,5585,Puerto Nare,14380
5,5591,Puerto Triunfo,18055
5,5604,Remedios,28415
5,5607,Retiro,23514
5,5615,Rionegro,135465
5,5628,Sabanalarga,9032
5,5631,Sabaneta,82375
5,5642,Salgar,18258
5,5647,San Andrés de Cuerquía,7235
5,5649,San Carlos,16247
5,5652,San Francisco,5648
5,5656,San Jerónimo,15361
5,5658,San José de La Montaña,3646
5,5659,San Juan de Urabá,20093
5,5660,San Luis,12995
5,5664,San Pedro de Los Milagros,21949
5,5665,San Pedro de Urabá,30932
5,5667,San Rafael,15698
5,5670,San Roque,21519
5,5674,San Vicente,22093
5,5679,Santa Bárbara,26784
5,5686,Santa Rosa de Osos,36318
5,5690,Santo Domingo,12394
5,5697,El Santuario,35422
5,5736,Segovia,37900
5,5756,Sonsón,36321
5,5761,Sopetrán,15053
5,5789,Támesis,16281
5,5790,Tarazá,26964
5,5792,Tarso,6184
5,5809,Titiribí,10775
5,5819,Toledo,4993
5,5837,Turbo,124552
5,5842,Uramita,6888
5,5847,Urrao,30127
5,5854,Valdivia,13801
5,5856,Valparaíso,6498
5,5858,Vegachí,11810
5,5861,Venecia,11602
5,5873,Vigía del Fuerte,9093
5,5885,Yalí,7608
5,5887,Yarumal,41542
5,5890,Yolombó,22538
5,5893,Yondó,19040
5,5895,Zaragoza,24651
8,8001,Barranquilla,1206319
8,8078,Baranoa,62382
8,8137,Campo de La Cruz,22879
8,8141,Candelaria,15982
8,8296,Galapa,60708
8,8372,Juan de Acosta,20999
8,8421,Luruaco,28175
8,8433,Malambo,128203
8,8436,Manatí,19808
8,8520,Palmar de Varela,28932
8,8549,Piojó,6608
8,8558,Polonuevo,18197
8,8560,Ponedera,23848
8,8573,Puerto Colombia,49264
8,8606,Repelón,26200
8,8634,Sabanagrande,32334
8,8638,Sabanalarga,93261
8,8675,Santa Lucía,16023
8,8685,Santo Tomás,29829
8,8758,Soledad,603999
8,8770,Suan,11940
8,8832,Tubará,17377
8,8849,Usiacurí,12250
11,11001,Bogotá,7412566
13,13001,Cartagena,973045
13,13006,Achí,24352
13,13030,Altos del Rosario,10972
13,13042,Arenal,7365
13,13052,Arjona,69503
13,13062,Arroyohondo,8254
13,13074,Barranco de Loba,14836
13,13140,Calamar,22474
13,13160,Cantagallo,8234
13,13188,Cicuco,13442
13,13212,Córdoba,15960
13,13222,Clemencia,14511
13,13244,El Carmen de Bolívar,70131
13,13248,El Guamo,8647
13,13268,El Peñón,7651
13,13300,Hatillo de Loba,12317
13,13430,Magangué,133270
13,13433,Mahates,27692
13,13440,Margarita,10673
13,13442,María La Baja,46112
13,13458,Montecristo,16389
13,13468,Mompós,44442
13,13473,Morales,22259
13,13490,Norosí,9212
13,13549,Pinillos,24218
13,13580,Regidor,6723
13,13600,Río Viejo,10598
13,13620,San Cristóbal,8054
13,13647,San Estanislao,18251
13,13650,San Fernando,12536
13,13654,San Jacinto,23913
13,13655,San Jacinto del Cauca,9935
13,13657,San Juan Nepomuceno,36874
13,13667,San Martín de Loba,14774
13,13670,San Pablo,27190
13,13673,Santa Catalina,14563
13,13683,Santa Rosa,20963
13,13688,Santa Rosa del Sur,32646
13,13744,Simití,18110
13,13760,Soplaviento,10650
13,13780,Talaigua Nuevo,13108
13,13810,Tiquisio,18035
13,13836,Turbaco,105166
13,13838,Turbaná,16403
13,13873,Villanueva,23777
13,13894,Zambrano,11880
15,15001,Tunja,172548
15,15022,Almeida,1910
15,15047,Aquitania,15377
15,15051,Arcabuco,5831
15,15087,Belén,7481
15,15090,Berbeo,1596
15,15092,Betéitiva,1963
15,15097,Boavita,5059
15,15104,Boyacá,5089
15,15106,Briceño,2198
15,15109,Buenavista,4409
15,15114,Busbanzá,1118
15,15131,Caldas,3143
15,15135,Campohermoso,3121
15,15162,Cerinza,3713
15,15172,Chinavita,3209
15,15176,Chiquinquirá,56054
15,15180,Chiscas,3994
15,15183,Chita,8045
15,15185,Chitaraque,5830
15,15187,Chivatá,2788
15,15189,Ciénega,4635
15,15204,Cómbita,12970
15,15212,Coper,3619
15,15215,Corrales,2498
15,15218,Covarachía,2806
15,15223,Cubará,10319
15,15224,Cucaita,3725
15,15226,Cuítiva,1798
15,15232,Chíquiza,4684
15,15236,Chivor,2479
15,15238,Duitama,122436
15,15244,El Cocuy,4215
15,15248,El Espino,3061
15,15272,Firavitoba,6662
15,15276,Floresta,3266
15,15293,Gachantivá,2789
15,15296,Gámeza,4850
15,15299,Garagoa,17932
15,15317,Guacamayas,1865
15,15322,Guateque,10699
15,15325,Guayatá,3400
15,15332,Güicán,4279
15,15362,Iza,1947
15,15367,Jenesano,7200
15,15368,Jericó,3929
15,15377,Labranzagrande,3526
15,15380,La Capilla,2689
15,15401,La Victoria,1118
15,15403,La Uvita,2999
15,15407,Villa de Leyva,16139
15,15425,Macanal,4976
15,15442,Maripí,5741
15,15455,Miraflores,8847
15,15464,Mongua,4636
15,15466,Monguí,4234
15,15469,Moniquirá,22572
15,15476,Motavita,5569
15,15480,Muzo,8597
15,15491,Nobsa,15976
15,15494,Nuevo Colón,5121
15,15500,Oicatá,2821
15,15507,Otanche,8018
15,15511,Pachavita,2467
15,15514,Páez,3283
15,15516,Paipa,33535
15,15518,Pajarito,2390
15,15522,Panqueba,1717
15,15531,Pauna,7185
15,15533,Paya,2593
15,15537,Paz de Río,4285
15,15542,Pesca,6852
15,15550,Pisba,1763
15,15572,Puerto Boyacá,46736
15,15580,Quípama,4889
15,15599,Ramiriquí,9887
15,15600,Ráquira,7877
15,15621,Rondón,2407
15,15632,Saboyá,13588
15,15638,Sáchica,5452
15,15646,Samacá,18298
15,15660,San Eduardo,1701
15,15664,San José de Pare,4988
15,15667,San Luis de Gaceno,5499
15,15673,San Mateo,3332
15,15676,San Miguel de Sema,3009
15,15681,San Pablo de Borbur,6608
15,15686,Santana,7565
15,15690,Santa María,3559
15,15693,Santa Rosa de Viterbo,13066
15,15696,Santa Sofía,3179
15,15720,Sativanorte,2221
15,15723,Sativasur,1097
15,15740,Siachoque,6729
15,15753,Soatá,9066
15,15755,Socotá,7298
15,15757,Socha,7938
15,15759,Sogamoso,127235
15,15761,Somondoco,2910
15,15762,Sora,3019
15,15763,Sotaquirá,8162
15,15764,Soracá,5954
15,15774,Susacón,2717
15,15776,Sutamarchán,6092
15,15778,Sutatenza,4233
15,15790,Tasco,5882
15,15798,Tenza,3851
15,15804,Tibaná,9051
15,15806,Tibasosa,12940
15,15808,Tinjacá,3266
15,15810,Tipacoque,3323
15,15814,Toca,8767
15,15816,Togüí,4335
15,15820,Tópaga,3617
15,15822,Tota,5179
15,15832,Tununguá,1540
15,15835,Turmequé,6118
15,15837,Tuta,8266
15,15839,Tutazá,2040
15,15842,Umbita,7530
15,15861,Ventaquemada,15706
15,15879,Viracachá,2837
15,15897,Zetaquira,4629
17,17001,Manizales,434403
17,17013,Aguadas,22823
17,17042,Anserma,36149
17,17050,Aranzazu,10557
17,17088,Belalcázar,10660
17,17174,Chinchiná,51271
17,17272,Filadelfia,11451
17,17380,La Dorada,71905
17,17388,La Merced,6003
17,17433,Manzanares,17928
17,17442,Marmato,8888
17,17444,Marquetalia,13245
17,17446,Marulanda,2607
17,17486,Neira,21024
17,17495,Norcasia,6022
17,17513,Pácora,15325
17,17524,Palestina,15555
17,17541,Pensilvania,19908
17,17614,Riosucio,50775
17,17616,Risaralda,10815
17,17653,Salamina,19467
17,17662,Samaná,20454
17,17665,San José,4835
17,17777,Supía,28642
17,17867,Victoria,10157
17,17873,Villamaría,64652
17,17877,Viterbo,12734
18,18001,Florencia,168346
18,18029,Albania,4675
18,18094,Belén de Los Andaquíes,11021
18,18150,Cartagena del Chairá,30399
18,18205,Curillo,7593
18,18247,El Doncello,19294
18,18256,El Paujil,18036
18,18410,La Montañita,14714
18,18460,Milán,9723
18,18479,Morelia,3698
18,18592,Puerto Rico,26517
18,18610,San José del Fragua,12797
18,18753,San Vicente del Caguán,50719
18,18756,Solano,11214
18,18785,Solita,6216
18,18860,Valparaíso,6887
19,19001,Popayán,318059
19,19022,Almaguer,18449
19,19050,Argelia,26144
19,19075,Balboa,21108
19,19100,Bolívar,38048
19,19110,Buenos Aires,31436
19,19130,Cajibío,42014
19,19137,Caldono,39946
19,19142,Caloto,30181
19,19212,Corinto,25286
19,19256,El Tambo,53891
19,19290,Florencia,5202
19,19300,Guachené,19671
19,19318,Guapi,27616
19,19355,Inzá,28879
19,19364,Jambaló,17841
19,19392,La Sierra,10749
19,19397,La Vega,24501
19,19418,López,18580
19,19450,Mercaderes,22688
19,19455,Miranda,31360
19,19473,Morales,38838
19,19513,Padilla,9937
19,19517,Paéz,45776
19,19532,Patía,36848
19,19533,Piamonte,8811
19,19548,Piendamó,40818
19,19573,Puerto Tejada,41615
19,19585,Puracé,17272
19,19622,Rosas,11475
19,19693,San Sebastián,10948
19,19698,Santander de Quilichao,110445
19,19701,Santa Rosa,5339
19,19743,Silvia,37337
19,19760,Sotará,13939
19,19780,Suárez,31904
19,19785,Sucre,9489
19,19807,Timbío,35479
19,19809,Timbiquí,26100
19,19821,Toribío,35218
19,19824,Totoró,24558
19,19845,Villa Rica,20693
20,20001,Valledupar,490075
20,20011,Aguachica,109621
20,20013,Agustín Codazzi,60768
20,20032,Astrea,20120
20,20045,Becerril,21611
20,20060,Bosconia,40022
20,20175,Chimichagua,34169
20,20178,Chiriguaná,27694
20,20228,Curumaní,37399
20,20238,El Copey,30159
20,20250,El Paso,37531
20,20295,Gamarra,14973
20,20310,González,4379
20,20383,La Gloria,17150
20,20400,La Jagua de Ibirico,46722
20,20443,Manaure,10047
20,20517,Pailitas,18566
20,20550,Pelaya,20683
20,20570,Pueblo Bello,27007
20,20614,Río de Oro,16837
20,20621,La Paz,27759
20,20710,San Alberto,26247
20,20750,San Diego,19022
20,20770,San Martín,26674
20,20787,Tamalameque,15339
23,23001,Montería,490935
23,23068,Ayapel,46968
23,23079,Buenavista,21078
23,23090,Canalete,15353
23,23162,Cereté,105815
23,23168,Chimá,17529
23,23182,Chinú,47917
23,23189,Ciénaga de Oro,59086
23,23300,Cotorra,19041
23,23350,La Apartada,14866
23,23417,Lorica,113909
23,23419,Los Córdobas,18717
23,23464,Momil,19590
23,23466,Montelíbano,81641
23,23500,Moñitos,29833
23,23555,Planeta Rica,64205
23,23570,Pueblo Nuevo,35655
23,23574,Puerto Escondido,23649
23,23580,Puerto Libertador,41873
23,23586,Purísima,17206
23,23660,Sahagún,107636
23,23670,San Andrés Sotavento,48610
23,23672,San Antero,33878
23,23675,San Bernardo del Viento,37007
23,23678,San Carlos,26954
23,23682,San José de Ure,13345
23,23686,San Pelayo,51838
23,23807,Tierralta,92349
23,23815,Tuchín,52606
23,23855,Valencia,35694
25,25001,Agua de Dios,11685
25,25019,Albán,6438
25,25035,Anapoima,14519
25,25040,Anolaima,13816
25,25053,Arbeláez,10860
25,25086,Beltrán,1789
25,25095,Bituima,2467
25,25099,Bojacá,9913
25,25120,Cabrera,4722
25,25123,Cachipay,9972
25,25126,Cajicá,82244
25,25148,Caparrapí,12569
25,25151,Cáqueza,17099
25,25154,Carmen de Carupa,7580
25,25168,Chaguaní,4182
25,25175,Chía,132181
25,25178,Chipaque,9467
25,25181,Choachí,10961
25,25183,Chocontá,20568
25,25200,Cogua,22067
25,25214,Cota,32691
25,25224,Cucunubá,7626
25,25245,El Colegio,23886
25,25258,El Peñón,4681
25,25260,El Rosal,22065
25,25269,Facatativá,139441
25,25279,Fómeque,11986
25,25281,Fosca,5784
25,25286,Funza,93154
25,25288,Fúquene,4904
25,25290,Fusagasugá,138498
25,25293,Gachalá,4436
25,25295,Gachancipá,17026
25,25297,Gachetá,8425
25,25299,Gama,3120
25,25307,Girardot,101018
25,25312,Granada,7179
25,25317,Guachetá,13285
25,25320,Guaduas,30524
25,25322,Guasca,15348
25,25324,Guataquí,2848
25,25326,Guatavita,6325
25,25328,Guayabal de Síquima,4444
25,25335,Guayabetal,6232
25,25339,Gutiérrez,3410
25,25368,Jerusalén,2281
25,25372,Junín,5823
25,25377,La Calera,29868
25,25386,La Mesa,32694
25,25394,La Palma,9467
25,25398,La Peña,5911
25,25402,La Vega,16986
25,25407,Lenguazaque,10080
25,25426,Machetá,6124
25,25430,Madrid,112254
25,25436,Manta,3737
25,25438,Medina,8014
25,25473,Mosquera,130221
25,25483,Nariño,2333
25,25486,Nemocón,13171
25,25488,Nilo,10819
25,25489,Nimaima,3589
25,25491,Nocaima,6092
25,25506,Venecia,4218
25,25513,Pacho,24413
25,25518,Paime,4186
25,25524,Pandi,4973
25,25530,Paratebueno,8328
25,25535,Pasca,9105
25,25572,Puerto Salgar,15453
25,25580,Pulí,3327
25,25592,Quebradanegra,4724
25,25594,Quetame,5072
25,25596,Quipile,6291
25,25599,Apulo,8192
25,25612,Ricaurte,12881
25,25645,San Antonio del Tequendama,11870
25,25649,San Bernardo,8487
25,25653,San Cayetano,4846
25,25658,San Francisco,10755
25,25662,San Juan de Río Seco,8181
25,25718,Sasaima,10711
25,25736,Sesquilé,11423
25,25740,Sibaté,33491
25,25743,Silvania,21625
25,25745,Simijaca,12847
25,25754,Soacha,660179
25,25758,Sopó,25782
25,25769,Subachoque,15690
25,25772,Suesca,17021
25,25777,Supatá,5203
25,25779,Susa,6454
25,25781,Sutatausa,5887
25,25785,Tabio,21665
25,25793,Tausa,8067
25,25797,Tena,9567
25,25799,Tenjo,21935
25,25805,Tibacuy,4335
25,25807,Tibirita,3158
25,25815,Tocaima,15735
25,25817,Tocancipá,39996
25,25823,Topaipí,4139
25,25839,Ubalá,7717
25,25841,Ubaque,6727
25,25843,Villa de San Diego de Ubate,42558
25,25845,Une,6945
25,25851,Útica,4246
25,25862,Vergara,6847
25,25867,Vianí,4339
25,25871,Villagómez,1758
25,25873,Villapinzón,17187
25,25875,Villeta,26873
25,25878,Viotá,13234
25,25885,Yacopí,12322
25,25898,Zipacón,4659
25,25899,Zipaquirá,130537
27,27001,Quibdó,129237
27,27006,Acandí,13999
27,27025,Alto Baudó,27584
27,27050,Atrato,6063
27,27073,Bagadó,11011
27,27075,Bahía Solano,10123
27,27077,Bajo Baudó,29957
27,27099,Bojayá,12073
27,27135,El Cantón del San Pablo,6116
27,27150,Carmen del Darién,18433
27,27160,Cértegui,5635
27,27205,Condoto,12663
27,27245,El Carmen de Atrato,8193
27,27250,El Litoral del San Juan,21669
27,27361,Istmina,30742
27,27372,Juradó,6685
27,27413,Lloró,9786
27,27425,Medio Atrato,10672
27,27430,Medio Baudó,15109
27,27450,Medio San Juan,10579
27,27491,Nóvita,9153
27,27495,Nuquí,16223
27,27580,Río Iró,5467
27,27600,Río Quito,8236
27,27615,Riosucio,53449
27,27660,San José del Palmar,5114
27,27745,Sipí,3174
27,27787,Tadó,18011
27,27800,Unguía,12854
27,27810,Unión Panamericana,6816
41,41001,Neiva,357392
41,41006,Acevedo,24774
41,41013,Agrado,8800
41,41016,Aipe,16163
41,41020,Algeciras,22481
41,41026,Altamira,4275
41,41078,Baraya,8338
41,41132,Campoalegre,31087
41,41206,Colombia,7285
41,41244,Elías,4211
41,41298,Garzón,72382
41,41306,Gigante,24583
41,41319,Guadalupe,17890
41,41349,Hobo,7286
41,41357,Iquira,9248
41,41359,Isnos,25186
41,41378,La Argentina,12866
41,41396,La Plata,61026
41,41483,Nátaga,6469
41,41503,Oporapa,11629
41,41518,Paicol,6583
41,41524,Palermo,26279
41,41530,Palestina,11159
41,41548,Pital,13787
41,41551,Pitalito,124359
41,41615,Rivera,24312
41,41660,Saladoblanco,10444
41,41668,San Agustín,33028
41,41676,Santa María,10405
41,41770,Suaza,21853
41,41791,Tarqui,17440
41,41797,Tesalia,10697
41,41799,Tello,11800
41,41801,Teruel,8052
41,41807,Timaná,21799
41,41872,Villavieja,7288
41,41885,Yaguará,7730
44,44001,Riohacha,188014
44,44035,Albania,29148
44,44078,Barrancas,35743
44,44090,Dibulla,37740
44,44098,Distracción,13016
44,44110,El Molino,7185
44,44279,Fonseca,42772
44,44378,Hatonuevo,20044
44,44420,La Jagua del Pilar,3498
44,44430,Maicao,170582
44,44560,Manaure,83072
44,44650,San Juan del Cesar,46953
44,44847,Uribia,163462
44,44855,Urumita,10985
44,44874,Villanueva,28346
47,47001,Santa Marta,499192
47,47030,Algarrobo,15511
47,47053,Aracataca,39857
47,47058,Ariguaní,30218
47,47161,Cerro San Antonio,9890
47,47170,Chibolo,21862
47,47189,Ciénaga,120071
47,47205,Concordia,10505
47,47245,El Banco,65457
47,47258,El Piñón,22530
47,47268,El Retén,19697
47,47288,Fundación,66433
47,47318,Guamal,26620
47,47460,Nueva Granada,19663
47,47541,Pedraza,9196
47,47545,Pijiño del Carmen,12093
47,47551,Pivijay,37341
47,47555,Plato,61766
47,47570,Puebloviejo,29824
47,47605,Remolino,11445
47,47660,Sabanas de San Ángel,15644
47,47675,Salamina,10733
47,47692,San Sebastián de Buenavista,19523
47,47703,San Zenón,11681
47,47707,Santa Ana,25438
47,47720,Santa Bárbara de Pinto,10575
47,47745,Sitionuevo,27128
47,47798,Tenerife,13236
47,47960,Zapayán,9895
47,47980,Zona Bananera,68722
50,50001,Villavicencio,531275
50,50006,Acacías,88023
50,50110,Barranca de Upía,6440
50,50124,Cabuyaro,6062
50,50150,Castilla La Nueva,14300
50,50223,Cubarral,6963
50,50226,Cumaral,22831
50,50245,El Calvario,1776
50,50251,El Castillo,7977
50,50270,El Dorado,3888
50,50287,Fuente de Oro,12129
50,50313,Granada,68876
50,50318,Guamal,14119
50,50325,Mapiripán,7007
50,50330,Mesetas,11159
50,50350,La Macarena,26890
50,50370,Uribe,9284
50,50400,Lejanías,11463
50,50450,Puerto Concordia,8390
50,50568,Puerto Gaitán,41513
50,50573,Puerto López,30399
50,50577,Puerto Lleras,10423
50,50590,Puerto Rico,13061
50,50606,Restrepo,18268
50,50680,San Carlos de Guaroa,12296
50,50683,San Juan de Arama,9118
50,50686,San Juanito,1307
50,50689,San Martín,26707
50,50711,Vistahermosa,17778
52,52001,Pasto,392930
52,52019,Albán,9642
52,52022,Aldana,7392
52,52036,Ancuyá,8801
52,52051,Arboleda,8443
52,52079,Barbacoas,55633
52,52083,Belén,6322
52,52110,Buesaco,23908
52,52203,Colón,8526
52,52207,Consacá,13784
52,52210,Contadero,7270
52,52215,Córdoba,15516
52,52224,Cuaspud,9201
52,52227,Cumbal,36864
52,52233,Cumbitara,5948
52,52240,Chachagüí,15354
52,52250,El Charco,22505
52,52254,El Peñol,7446
52,52256,El Rosario,12280
52,52258,El Tablón de Gómez,14342
52,52260,El Tambo,14283
52,52287,Funes,7222
52,52317,Guachucal,19450
52,52320,Guaitarilla,11582
52,52323,Gualmatán,7057
52,52352,Iles,7662
52,52354,Imués,7657
52,52356,Ipiales,116136
52,52378,La Cruz,18754
52,52381,La Florida,10104
52,52385,La Llanada,6492
52,52390,La Tola,7411
52,52399,La Unión,31858
52,52405,Leiva,9768
52,52411,Linares,10236
52,52418,Los Andes,9547
52,52427,Magüi,24705
52,52435,Mallama,8976
52,52473,Mosquera,11984
52,52480,Nariño,4364
52,52490,Olaya Herrera,25358
52,52506,Ospina,7105
52,52520,Francisco Pizarro,14193
52,52540,Policarpa,9897
52,52560,Potosí,10414
52,52565,Providencia,5572
52,52573,Puerres,8581
52,52585,Pupiales,17491
52,52612,Ricaurte,19631
52,52621,Roberto Payán,12667
52,52678,Samaniego,29414
52,52683,Sandoná,20773
52,52685,San Bernardo,9202
52,52687,San Lorenzo,18473
52,52693,San Pablo,15389
52,52694,San Pedro de Cartago,6843
52,52696,Santa Bárbara,13427
52,52699,Santacruz,10796
52,52720,Sapuyes,7346
52,52786,Taminango,17854
52,52788,Tangua,13507
52,52835,San Andrés de Tumaco,253637
52,52838,Túquerres,44729
52,52885,Yacuanquer,10938
54,54001,Cúcuta,711715
54,54003,Ábrego,31786
54,54051,Arboledas,9605
54,54099,Bochalema,8105
54,54109,Bucarasica,6248
54,54125,Cácota,2781
54,54128,Cachirá,10995
54,54172,Chinácota,17263
54,54174,Chitagá,11564
54,54206,Convención,18463
54,54223,Cucutilla,8095
54,54239,Durania,4541
54,54245,El Carmen,13144
54,54250,El Tarra,20093
54,54261,El Zulia,26700
54,54313,Gramalote,7295
54,54344,Hacarí,9998
54,54347,Herrán,6755
54,54377,Labateca,6268
54,54385,La Esperanza,11358
54,54398,La Playa,7582
54,54405,Los Patios,89091
54,54418,Lourdes,3954
54,54480,Mutiscua,4163
54,54498,Ocaña,118273
54,54518,Pamplona,50025
54,54520,Pamplonita,5402
54,54553,Puerto Santander,8502
54,54599,Ragonvalia,5899
54,54660,Salazar,10205
54,54670,San Calixto,12011
54,54673,San Cayetano,6978
54,54680,Santiago,3361
54,54720,Sardinata,25142
54,54743,Silos,6162
54,54800,Teorama,16193
54,54810,Tibú,53586
54,54820,Toledo,15440
54,54871,Villa Caro,4996
54,54874,Villa del Rosario,101952
63,63001,Armenia,295208
63,63111,Buenavista,3095
63,63130,Calarcá,72783
63,63190,Circasia,28162
63,63212,Córdoba,5642
63,63272,Filandia,12066
63,63302,Génova,7516
63,63401,La Tebaida,33451
63,63470,Montenegro,36751
63,63548,Pijao,5219
63,63594,Quimbaya,30751
63,63690,Salento,9260
66,66001,Pereira,467269
66,66045,Apía,12406
66,66075,Balboa,6423
66,66088,Belén de Umbría,24690
66,66170,Dosquebradas,217178
66,66318,Guática,12158
66,66383,La Celia,7514
66,66400,La Virginia,27923
66,66440,Marsella,16940
66,66456,Mistrató,16950
66,66572,Pueblo Rico,16156
66,66594,Quinchía,27292
66,66682,Santa Rosa de Cabal,77838
66,66687,Santuario,12664
68,68001,Bucaramanga,581130
68,68013,Aguada,1855
68,68020,Albania,4129
68,68051,Aratoca,8229
68,68077,Barbosa,31050
68,68079,Barichara,10486
68,68081,Barrancabermeja,203537
68,68092,Betulia,5941
68,68101,Bolívar,11287
68,68121,Cabrera,1937
68,68132,California,2130
68,68147,Capitanejo,5505
68,68152,Carcasí,4292
68,68160,Cepitá,2015
68,68162,Cerrito,6729
68,68167,Charalá,12270
68,68169,Charta,2888
68,68176,Chima,2875
68,68179,Chipatá,5075
68,68190,Cimitarra,32947
68,68207,Concepción,5738
68,68209,Confines,3159
68,68211,Contratación,3679
68,68217,Coromoro,5015
68,68229,Curití,12717
68,68235,El Carmen de Chucurí,20916
68,68245,El Guacamayo,2167
68,68250,El Peñón,5279
68,68255,El Playón,13713
68,68264,Encino,2552
68,68266,Enciso,3461
68,68271,Florián,5562
68,68276,Floridablanca,291935
68,68296,Galán,2886
68,68298,Gámbita,4021
68,68307,Girón,160403
68,68318,Guaca,5916
68,68320,Guadalupe,4511
68,68322,Guapotá,2375
68,68324,Guavatá,4230
68,68327,Güepsa,5114
68,68344,Hato,2328
68,68368,Jesús María,3342
68,68370,Jordán,1314
68,68377,La Belleza,6198
68,68385,Landázuri,10384
68,68397,La Paz,4953
68,68406,Lebrija,41835
68,68418,Los Santos,14106
68,68425,Macaravita,2171
68,68432,Málaga,20945
68,68444,Matanza,4976
68,68464,Mogotes,10527
68,68468,Molagavita,4137
68,68498,Ocamonte,5661
68,68500,Oiba,10800
68,68502,Onzaga,4183
68,68522,Palmar,1361
68,68524,Palmas del Socorro,2535
68,68533,Páramo,4654
68,68547,Piedecuesta,170625
68,68549,Pinchote,5162
68,68572,Puente Nacional,14654
68,68573,Puerto Parra,7640
68,68575,Puerto Wilches,32791
68,68615,Rionegro,26438
68,68655,Sabana de Torres,33055
68,68669,San Andrés,8683
68,68673,San Benito,2950
68,68679,San Gil,56037
68,68682,San Joaquín,2241
68,68684,San José de Miranda,4367
68,68686,San Miguel,2531
68,68689,San Vicente de Chucurí,33133
68,68705,Santa Bárbara,2401
68,68720,Santa Helena del Opón,3389
68,68745,Simacota,10042
68,68755,Socorro,32158
68,68770,Suaita,10031
68,68773,Sucre,7202
68,68780,Suratá,3975
68,68820,Tona,7373
68,68855,Valle de San José,6084
68,68861,Vélez,24356
68,68867,Vetas,2114
68,68872,Villanueva,7873
68,68895,Zapatoca,9466
70,70001,Sincelejo,277773
70,70110,Buenavista,10441
70,70124,Caimito,15231
70,70204,Colosó,8623
70,70215,Corozal,67371
70,70221,Coveñas,18250
70,70230,Chalán,4466
70,70233,El Roble,9944
70,70235,Galeras,21982
70,70265,Guaranda,17713
70,70400,La Unión,12349
70,70418,Los Palmitos,22880
70,70429,Majagual,36650
70,70473,Morroa,15061
70,70508,Ovejas,22871
70,70523,Palmito,14114
70,70670,Sampués,46455
70,70678,San Benito Abad,28673
70,70702,San Juan de Betulia,13535
70,70708,San Marcos,57672
70,70713,San Onofre,49633
70,70717,San Pedro,18590
70,70742,San Luis de Sincé,30773
70,70771,Sucre,29552
70,70820,Santiago de Tolú,32922
70,70823,Tolú Viejo,21339
73,73001,Ibagué,529635
73,73024,Alpujarra,4544
73,73026,Alvarado,8697
73,73030,Ambalema,6657
73,73043,Anzoátegui,10217
73,73055,Armero,12696
73,73067,Ataco,19330
73,73124,Cajamarca,18471
73,73148,Carmen de Apicalá,10117
73,73152,Casabianca,6373
73,73168,Chaparral,50367
73,73200,Coello,8248
73,73217,Coyaima,22813
73,73226,Cunday,8745
73,73236,Dolores,8359
73,73268,Espinal,70494
73,73270,Falan,7693
73,73275,Flandes,28389
73,73283,Fresno,31069
73,73319,Guamo,32940
73,73347,Herveo,7363
73,73349,Honda,24693
73,73352,Icononzo,11887
73,73408,Lérida,18574
73,73411,Líbano,36773
73,73443,San Sebastián de Mariquita,37770
73,73449,Melgar,36536
73,73461,Murillo,4113
73,73483,Natagaima,14835
73,73504,Ortega,34607
73,73520,Palocabildo,9730
73,73547,Piedras,6711
73,73555,Planadas,25764
73,73563,Prado,8498
73,73585,Purificación,23536
73,73616,Rioblanco,22771
73,73622,Roncesvalles,5459
73,73624,Rovira,21674
73,73671,Saldaña,14435
73,73675,San Antonio,12896
73,73678,San Luis,13553
73,73686,Santa Isabel,5769
73,73770,Suárez,3813
73,73854,Valle de San Juan,5345
73,73861,Venadillo,12817
73,73870,Villahermosa,9283
73,73873,Villarrica,5128
76,76001,Cali,2227642
76,76020,Alcalá,14062
76,76036,Andalucía,22436
76,76041,Ansermanuevo,17448
76,76054,Argelia,5397
76,76100,Bolívar,16021
76,76109,Buenaventura,308188
76,76111,Guadalajara de Buga,127545
76,76113,Bugalagrande,24318
76,76122,Caicedonia,28825
76,76126,Calima,18054
76,76130,Candelaria,91825
76,76147,Cartago,135729
76,76233,Dagua,48443
76,76243,El Águila,8909
76,76246,El Cairo,6845
76,76248,El Cerrito,56470
76,76250,El Dovio,8886
76,76275,Florida,57374
76,76306,Ginebra,22741
76,76318,Guacarí,33191
76,76364,Jamundí,159877
76,76377,La Cumbre,16316
76,76400,La Unión,33953
76,76403,La Victoria,12174
76,76497,Obando,12312
76,76520,Palmira,349294
76,76563,Pradera,47615
76,76606,Restrepo,15307
76,76616,Riofrío,15554
76,76622,Roldanillo,36797
76,76670,San Pedro,16942
76,76736,Sevilla,42133
76,76823,Toro,14612
76,76828,Trujillo,19226
76,76834,Tuluá,212685
76,76845,Ulloa,5465
76,76863,Versalles,7263
76,76869,Vijes,12734
76,76890,Yotoco,16019
76,76892,Yumbo,107334
76,76895,Zarzal,41925
81,81001,Arauca,85585
81,81065,Arauquita,49841
81,81220,Cravo Norte,3925
81,81300,Fortul,18938
81,81591,Puerto Rondón,4399
81,81736,Saravena,55554
81,81794,Tame,43932
85,85001,Yopal,168433
85,85010,Aguazul,36915
85,85015,Chámeza,2500
85,85125,Hato Corozal,12328
85,85136,La Salina,1417
85,85139,Maní,17211
85,85162,Monterrey,17537
85,85225,Nunchía,8826
85,85230,Orocué,12340
85,85250,Paz de Ariporo,36277
85,85263,Pore,11967
85,85279,Recetor,1634
85,85300,Sabanalarga,3625
85,85315,Sácama,2090
85,85325,San Luis de Palenque,8466
85,85400,Támara,6873
85,85410,Tauramena,23527
85,85430,Trinidad,13233
85,85440,Villanueva,35305
86,86001,Mocoa,56398
86,86219,Colón,5407
86,86320,Orito,37745
86,86568,Puerto Asís,64867
86,86569,Puerto Caicedo,16095
86,86571,Puerto Guzmán,35390
86,86573,Puerto Leguízamo,28468
86,86749,Sibundoy,14940
86,86755,San Francisco,5645
86,86757,San Miguel,18780
86,86760,Santiago,7290
86,86865,Valle del Guamuez,33457
86,86885,Villagarzón,23700
88,88564,Providencia,5989
91,91001,Leticia,48144
91,91540,Puerto Nariño,9744
94,94001,Inírida,31514
95,95001,San José del Guaviare,52815
95,95015,Calamar,9528
95,95025,El Retorno,13653
95,95200,Miraflores,6771
97,97001,Mitú,29850
97,97161,Carurú,2915
97,97666,Taraira,2215
99,99001,Puerto Carreño,20936
99,99524,La Primavera,10122
99,99624,Santa Rosalía,4059
99,99773,Cumaribo,72691
